year,mes,periodo,median,mean,max,variance,sd,sex,area_m2_ha,fruits_comp,fruits_comp_p
2006,Ago,p2,1,1.239316239,4,0.511199528,0.714982187,All,0.147241662,78.52564103,0.78525641
2006,Sep,p1,1,1.753846154,10,8.2490161,2.872110043,All,NA,71.42857143,0.714285714
2006,Sep,p2,NA,NA,NA,NA,NA,All,0.439190137,NA,NA
2006,Oct,p1,4,4.299401198,11,7.75319241,2.784455496,All,0.486124024,74.59954233,0.745995423
2006,Oct,p2,3,3.548387097,9,5.665213601,2.380170918,All,0.377639253,92.52525253,0.925252525
2006,Nov,p1,3,3.752,11,5.220258065,2.284788407,All,0.283601302,85,0.85
2006,Nov,p2,4,4.496527778,12,8.975597658,2.995930182,All,0.589759218,87.12220762,0.871222076
2006,Dic,p1,5,5.052631579,12,9.302879841,3.050062268,All,0.860714791,81.66047088,0.816604709
2006,Dic,p2,4,4.406593407,11,4.621733822,2.149821812,All,0.683970654,91.72413793,0.917241379
2007,Ene,p1,NA,NA,NA,NA,NA,All,NA,NA,NA
2007,Ene,p2,NA,NA,NA,NA,NA,All,NA,NA,NA
2007,Feb,p1,5,4.983870968,13,14.03225806,3.745965572,All,NA,NA,NA
2007,Feb,p2,NA,NA,NA,NA,NA,All,NA,NA,NA
2007,Mar,p1,NA,NA,NA,NA,NA,All,NA,NA,NA
2007,Mar,p2,NA,NA,NA,NA,NA,All,NA,NA,NA
2007,Abr,p1,NA,NA,NA,NA,NA,All,NA,NA,NA
2007,Abr,p2,NA,NA,NA,NA,NA,All,NA,NA,NA
2007,May,p1,NA,NA,NA,NA,NA,All,NA,NA,NA
2007,May,p2,4,4.358255452,13,11.04937695,3.32406031,All,0.529952905,87.35440932,0.873544093
2007,Jun,p1,3,3.147651007,8,6.213816012,2.492752698,All,0.353735366,92.63888889,0.926388889
2007,Jun,p2,2,3.883534137,14,14.33718746,3.786447868,All,0.303412268,86.11111111,0.861111111
2007,Jul,p1,3,3.94047619,10,10.13444066,3.183463626,All,0.363384717,78.85245902,0.78852459
2007,Jul,p2,4,5.112433862,12,12.06283857,3.473159739,All,0.463713661,80.56179775,0.805617978
2007,Ago,p1,4,4.632970451,13,13.37286764,3.656893168,All,0.415626741,83.90092879,0.839009288
2007,Ago,p2,4,4.929088278,11,9.526848298,3.086559298,All,0.265635831,76.71480144,0.767148014
2007,Sep,p1,6,5.579059829,10,9.096519885,3.016043747,All,0.206281564,NA,NA
2007,Sep,p2,3,3.534031414,9,7.397519978,2.719838226,All,0.249262022,NA,NA
2007,Oct,p1,3,4.278637771,11,7.661250312,2.76789637,All,0.342254443,95.10309278,0.951030928
2007,Oct,p2,3,3.912087912,15,12.5720738,3.54571203,All,0.367555094,85.05467801,0.85054678
2007,Nov,p1,2,3.562857143,13,14.16652476,3.763844413,All,0.56027635,72.34042553,0.723404255
2007,Nov,p2,4,4.63760218,12,9.160658716,3.026658011,All,0.454829177,79.71698113,0.797169811
2007,Dic,p1,10,8.318885449,14,12.80793416,3.578817424,All,0.416015793,100,1
2007,Dic,p2,NA,NA,NA,NA,NA,All,0.489118686,NA,NA
2008,Ene,p1,4,5.780487805,14,30.92560976,5.561079909,All,NA,96.13259669,0.961325967
2008,Ene,p2,4.5,4.867816092,13,12.2187883,3.495538342,All,0.701898535,84.71760797,0.84717608
2008,Feb,p1,4,5.095121951,15,15.87112529,3.983858091,All,0.613766888,90.14844804,0.90148448
2008,Feb,p2,6,7.393728223,15,24.93884165,4.99388042,All,0.937982769,97.52252252,0.975225225
2008,Mar,p1,6,5.431707317,12,12.6566939,3.557624755,All,0.983970663,98.80597015,0.988059702
2008,Mar,p2,5,5.093548387,12,14.14332394,3.760761085,All,1.017351796,93.00699301,0.93006993
2008,Abr,p1,NA,NA,NA,NA,NA,All,0.767313525,75.25252525,0.752525253
2008,Abr,p2,4,4.317939609,10,7.267061939,2.695748864,All,0.678660164,89.30155211,0.893015521
2008,May,p1,0,1.00862069,8,5.618972981,2.370437297,All,0.60562388,85.27131783,0.852713178
2008,May,p2,2,1.696969697,4,0.815019263,0.902784173,All,0.213765224,79.64458805,0.796445881
2008,Jun,p1,1,1.430769231,5,1.15337132,1.073951265,All,0.202134985,84.48275862,0.844827586
2008,Jun,p2,2,2.030172414,6,1.165394355,1.079534323,All,0.153241871,71.30570758,0.713057076
2008,Jul,p1,1,1.510948905,6,1.810541005,1.345563453,All,0.492340984,77.11864407,0.771186441
2008,Jul,p2,2,1.816384181,5,1.000184056,1.000092024,All,0.197456346,76.46276596,0.76462766
2008,Ago,p1,1,1.846774194,5,1.304362022,1.142086696,All,0.148368362,61.13537118,0.611353712
2008,Ago,p2,2,2.843454791,11,4.018703724,2.004670478,All,0.32831705,48.59813084,0.485981308
2008,Sep,p1,4,3.692771084,15,16.8686747,4.107149218,All,0.276047513,87.07224335,0.870722434
2008,Sep,p2,NA,NA,NA,NA,NA,All,0.145982973,NA,NA
2008,Oct,p1,NA,NA,NA,NA,NA,All,0.548150356,89.63963964,0.896396396
2008,Oct,p2,NA,NA,NA,NA,NA,All,0.218912348,61,0.61
2008,Nov,p1,NA,NA,NA,NA,NA,All,0.177998989,82.89473684,0.828947368
2008,Nov,p2,NA,NA,NA,NA,NA,All,NA,84.18604651,0.841860465
2008,Dic,p1,NA,NA,NA,NA,NA,All,NA,91.75824176,0.917582418
2008,Dic,p2,NA,NA,NA,NA,NA,All,NA,NA,NA
2009,Ene,p1,NA,NA,NA,NA,NA,All,NA,NA,NA
2009,Ene,p2,NA,NA,NA,NA,NA,All,NA,NA,NA
2009,Feb,p1,NA,NA,NA,NA,NA,All,NA,NA,NA
2009,Feb,p2,NA,NA,NA,NA,NA,All,NA,NA,NA
2009,Mar,p1,NA,NA,NA,NA,NA,All,NA,NA,NA
2009,Mar,p2,NA,NA,NA,NA,NA,All,NA,NA,NA
2009,Abr,p1,NA,NA,NA,NA,NA,All,NA,NA,NA
2009,Abr,p2,NA,NA,NA,NA,NA,All,NA,NA,NA
2009,May,p1,NA,NA,NA,NA,NA,All,NA,NA,NA
2009,May,p2,NA,NA,NA,NA,NA,All,NA,NA,NA
2009,Jun,p1,NA,NA,NA,NA,NA,All,NA,NA,NA
2009,Jun,p2,NA,NA,NA,NA,NA,All,NA,NA,NA
2009,Jul,p1,NA,NA,NA,NA,NA,All,NA,NA,NA
2009,Jul,p2,NA,NA,NA,NA,NA,All,NA,NA,NA
2009,Ago,p1,NA,NA,NA,NA,NA,All,NA,NA,NA
2009,Ago,p2,NA,NA,NA,NA,NA,All,NA,NA,NA
2009,Sep,p1,NA,NA,NA,NA,NA,All,NA,NA,NA
2009,Sep,p2,NA,NA,NA,NA,NA,All,NA,NA,NA
2009,Oct,p1,NA,NA,NA,NA,NA,All,NA,NA,NA
2009,Oct,p2,NA,NA,NA,NA,NA,All,NA,NA,NA
2009,Nov,p1,NA,NA,NA,NA,NA,All,NA,NA,NA
2009,Nov,p2,NA,NA,NA,NA,NA,All,NA,NA,NA
2009,Dic,p1,NA,NA,NA,NA,NA,All,NA,NA,NA
2009,Dic,p2,NA,NA,NA,NA,NA,All,NA,NA,NA
2010,Ene,p1,NA,NA,NA,NA,NA,All,NA,NA,NA
2010,Ene,p2,NA,NA,NA,NA,NA,All,NA,90.51383399,0.90513834
2010,Feb,p1,NA,NA,NA,NA,NA,All,1.314895571,88.63309353,0.886330935
2010,Feb,p2,NA,NA,NA,NA,NA,All,0.986067731,93.38028169,0.933802817
2010,Mar,p1,NA,NA,NA,NA,NA,All,0.912015221,90.35250464,0.903525046
2010,Mar,p2,NA,NA,NA,NA,NA,All,1.00902984,88.95612708,0.889561271
2010,Abr,p1,NA,NA,NA,NA,NA,All,0.463650989,98.55072464,0.985507246
2010,Abr,p2,NA,NA,NA,NA,NA,All,0.911494319,NA,NA
2010,May,p1,NA,NA,NA,NA,NA,All,NA,NA,NA
2010,May,p2,NA,NA,NA,NA,NA,All,NA,NA,NA
2010,Jun,p1,NA,NA,NA,NA,NA,All,NA,NA,NA
2010,Jun,p2,NA,NA,NA,NA,NA,All,NA,NA,NA
2010,Jul,p1,NA,NA,NA,NA,NA,All,NA,NA,NA
2010,Jul,p2,3,3.128813559,8,3.901717975,1.975276683,All,0.212449066,69.76284585,0.697628459
2010,Ago,p1,3,4.306620209,14,16.75880217,4.093751601,All,0.224861982,67.31843575,0.673184358
2010,Ago,p2,2,2.475806452,7,2.906294894,1.704785879,All,0.124994066,56.22032289,0.562203229
2010,Sep,p1,2,2.478964401,12,6.146471651,2.479207868,All,0.168131079,45.75860397,0.45758604
2010,Sep,p2,NA,NA,NA,NA,NA,All,0.577144597,77.15846995,0.7715847
2010,Oct,p1,NA,NA,NA,NA,NA,All,0.261774887,87.71043771,0.877104377
2010,Oct,p2,2,4.06372549,9,8.247150584,2.871785261,All,0.30617221,55.48654244,0.554865424
2010,Nov,p1,6,6.348122867,11,11.14551872,3.338490486,All,0.576551562,69.16932907,0.691693291
2010,Nov,p2,8,6.834645669,11,7.980377453,2.824956186,All,0.65865807,90.95477387,0.909547739
2010,Dic,p1,3.5,3.573529412,6,2.904960492,1.704394465,All,0.968302549,81.64251208,0.816425121
2010,Dic,p2,NA,NA,NA,NA,NA,All,NA,NA,NA
2011,Ene,p1,6,4.882352941,9,7.110294118,2.666513476,All,0.489381536,88,0.88
2011,Ene,p2,3,2.735294118,6,0.884108867,0.940270635,All,0.410977814,89.10891089,0.891089109
2011,Feb,p1,7,6.806451613,13,14.69394178,3.833267768,All,0.677375816,81.14754098,0.81147541
2011,Feb,p2,6,7.043478261,15,20.49264822,4.526880628,All,0.821998056,94.78417266,0.947841727
2011,Mar,p1,4,6.138554217,17,19.01397736,4.360501962,All,0.54487155,97.57462687,0.975746269
2011,Mar,p2,5,5.788732394,15,15.1749076,3.895498377,All,0.759232438,84.09090909,0.840909091
2011,Abr,p1,3,3.872881356,10,8.043531798,2.836112092,All,0.852459312,95.40540541,0.954054054
2011,Abr,p2,2,2.784053156,9,2.549878184,1.5968338,All,0.367645542,94.29198683,0.942919868
2011,May,p1,1,1.572327044,5,0.857528322,0.926028251,All,0.421401042,84.71794872,0.847179487
2011,May,p2,2,2.185483871,5,1.123351182,1.059882626,All,0.314776424,80.90692124,0.809069212
2011,Jun,p1,1,1.590361446,4,0.488686453,0.699061123,All,0.667837347,78.515625,0.78515625
2011,Jun,p2,1,1.267716535,3,0.276965379,0.526275004,All,0.584866097,79.87421384,0.798742138
2011,Jul,p1,1,2.009433962,5,2.018867925,1.420868722,All,0.12831334,75.2293578,0.752293578
2011,Jul,p2,2,1.75862069,4,0.523313815,0.723404323,All,0.090523161,61.90028222,0.619002822
2011,Ago,p1,2,1.890804598,5,1.196099927,1.093663535,All,0.154596995,70.90592334,0.709059233
2011,Ago,p2,3,3.871794872,13,8.783457403,2.963689829,All,0.28071924,64.03425309,0.640342531
2011,Sep,p1,1,2.453846154,10,6.528861061,2.555163608,All,0.379929837,67.9245283,0.679245283
2011,Sep,p2,4,4.207920792,9,4.386336634,2.094358287,All,0.43383519,59.58702065,0.595870207
2011,Oct,p1,2,5.31092437,13,19.317761,4.395197493,All,0.526946369,76.5578635,0.765578635
2011,Oct,p2,6,5.585365854,9,6.448780488,2.539444917,All,0.845989911,82.60869565,0.826086957
2011,Nov,p1,3,3.671641791,9,4.041746156,2.01040945,All,0.475744789,80.27613412,0.802761341
2011,Nov,p2,5,6.040723982,16,15.28469766,3.909564893,All,0.45929834,76.29382304,0.76293823
2011,Dic,p1,8,9,15,26.84210526,5.180936717,All,0.597801968,100,1
2011,Dic,p2,2,4.633333333,14,13.99888424,3.741508284,All,0.404321507,89.97821351,0.899782135
2012,Ene,p1,9,7.970930233,14,15.61903305,3.952092237,All,0.350806771,93.37016575,0.933701658
2012,Ene,p2,9,9.913194444,17,25.98198558,5.097252748,All,0.503086618,94.71698113,0.947169811
2012,Feb,p1,7,7.657534247,17,26.55777043,5.153423176,All,0.46836978,90.19607843,0.901960784
2012,Feb,p2,7,7.354497354,17,16.81299033,4.100364658,All,0.633937112,91.94499018,0.919449902
2012,Mar,p1,10,9.245283019,16,17.88098694,4.228591602,All,0.814590179,94.7826087,0.947826087
2012,Mar,p2,6,6.483146067,16,21.50255363,4.637084604,All,0.538519218,96.95945946,0.969594595
2012,Abr,p1,5,6.322115385,17,21.67912419,4.656084642,All,0.592387159,92.34608985,0.923460899
2012,Abr,p2,2,3.886567164,13,12.37631602,3.517998866,All,0.354782095,90.33189033,0.903318903
2012,May,p1,4,4.348130841,15,13.27664755,3.643713429,All,0.177239435,82.0035461,0.820035461
2012,May,p2,2,3.886315789,14,11.84358872,3.441451542,All,0.121050051,78.03030303,0.78030303
2012,Jun,p1,3,3.012987013,8,3.304518398,1.817833435,All,0.287172612,81.70347003,0.8170347
2012,Jun,p2,2,2,2,0,0,All,0.297022899,NA,NA
2012,Jul,p1,NA,NA,NA,NA,NA,All,0.52951622,NA,NA
2012,Jul,p2,NA,NA,NA,NA,NA,All,0.330452742,86.11111111,0.861111111
2012,Ago,p1,NA,NA,NA,NA,NA,All,0.225997728,62.94820717,0.629482072
2012,Ago,p2,NA,NA,NA,NA,NA,All,0.075538182,55.30201342,0.553020134
2012,Sep,p1,NA,NA,NA,NA,NA,All,0.072471946,67.695962,0.67695962
2012,Sep,p2,NA,NA,NA,NA,NA,All,0.15807999,71.21588089,0.712158809
2012,Oct,p1,NA,NA,NA,NA,NA,All,0.194387794,76.19047619,0.761904762
2012,Oct,p2,NA,NA,NA,NA,NA,All,0.251335115,NA,NA
2012,Nov,p1,NA,NA,NA,NA,NA,All,0.328633338,57.59312321,0.575931232
2012,Nov,p2,NA,NA,NA,NA,NA,All,0.778351576,78.45117845,0.784511785
2012,Dic,p1,NA,NA,NA,NA,NA,All,0.539667616,83.66533865,0.836653387
2012,Dic,p2,NA,NA,NA,NA,NA,All,0.501836653,77.14285714,0.771428571
2013,Ene,p1,NA,NA,NA,NA,NA,All,NA,NA,NA
2013,Ene,p2,3,4.130327869,11,13.02894001,3.609562301,All,0.311916187,94.18070444,0.941807044
2013,Feb,p1,2,3.213910761,11,5.805693227,2.409500618,All,0.299224216,89.77853492,0.897785349
2013,Feb,p2,2,3.011350738,10,7.138507378,2.671798529,All,0.335461458,88.38268793,0.883826879
2013,Mar,p1,3,3.8815427,10,10.37215541,3.220583085,All,0.418194644,91.52119701,0.91521197
2013,Mar,p2,1,2,9,2.444094488,1.56336,All,0.497131453,99.34640523,0.993464052
2013,Abr,p1,NA,NA,NA,NA,NA,All,0.725446398,87.81609195,0.87816092
2013,Abr,p2,NA,NA,NA,NA,NA,All,0.297196299,85.71428571,0.857142857
2013,May,p1,NA,NA,NA,NA,NA,All,0.215336512,67.83216783,0.678321678
2013,May,p2,1,1.463276836,6,2.590973292,1.609650053,All,0.236701968,72.03389831,0.720338983
2013,Jun,p1,1,2.03514377,10,5.341709675,2.311213896,All,0.279863783,62.16216216,0.621621622
2013,Jun,p2,3,3.287878788,13,7.467092564,2.732598134,All,0.609148176,78.10218978,0.781021898
2013,Jul,p1,4,4.280172414,13,10.93975747,3.307530418,All,0.427554458,70.10309278,0.701030928
2013,Jul,p2,1,2.670175439,8,6.174460742,2.484846221,All,0.479189238,75.41666667,0.754166667
2013,Ago,p1,1,1.615969582,4,0.781763534,0.884173928,All,0.383319557,79.32011331,0.793201133
2013,Ago,p2,1,1.44516129,2,0.248596565,0.49859459,All,0.519438308,59.54198473,0.595419847
2013,Sep,p1,3,3.483271375,12,7.623786273,2.761120474,All,0.387301421,64.1025641,0.641025641
2013,Sep,p2,1,1.25,2,0.19047619,0.43643578,All,0.602823678,70,0.7
2013,Oct,p1,NA,NA,NA,NA,NA,All,NA,NA,NA
2013,Oct,p2,2,2.553324969,9,5.204753378,2.281392859,All,NA,70.60849598,0.70608496
2013,Nov,p1,3,3.963414634,11,12.58301032,3.547253912,All,0.382658678,53.65853659,0.536585366
2013,Nov,p2,4,4.511066398,12,13.90763938,3.729294757,All,0.18802871,84.31372549,0.843137255
2013,Dic,p1,1,1.621832359,5,1.157491167,1.075867635,All,0.319307342,69.41176471,0.694117647
2013,Dic,p2,NA,NA,NA,NA,NA,All,0.561798337,NA,NA
2014,Ene,p1,4,3.955555556,5,0.588888889,0.767390962,All,NA,100,1
2014,Ene,p2,3,4.458658346,13,12.15805382,3.486840091,All,0.66955167,84.83412322,0.848341232
2014,Feb,p1,6,5.275626424,11,10.59950426,3.255687986,All,0.925822831,81.93146417,0.819314642
2014,Feb,p2,2,5.241196013,18,32.57808899,5.707721874,All,0.758826122,87.46736292,0.874673629
2014,Mar,p1,2,2.971603991,8,3.34251102,1.828253544,All,0.580301608,83.84030418,0.838403042
2014,Mar,p2,1,2.048429319,8,2.863968696,1.692326415,All,0.618200893,93.70229008,0.937022901
2014,Abr,p1,2,2.924242424,5,3.548018648,1.883618499,All,0.33066821,66.66666667,0.666666667
2014,Abr,p2,2,3.333333333,9,10.57174638,3.25142221,All,NA,92.53246753,0.925324675
2014,May,p1,3,5.2125,14,21.71377152,4.659803807,All,0.382565051,94.89795918,0.948979592
2014,May,p2,1,2.916167665,12,9.640958084,3.104989224,All,0.283301464,87.65690377,0.876569038
2014,Jun,p1,1,1.468446602,4,0.853016559,0.923588956,All,0.380151506,90.96045198,0.90960452
2014,Jun,p2,2,1.604571429,3,0.388079765,0.622960484,All,0.344512591,65.53755523,0.655375552
2014,Jul,p1,1,1.863760218,6,1.924114627,1.38712459,All,0.631088128,57.05521472,0.570552147
2014,Jul,p2,1,1.451448041,8,1.553906682,1.246557934,All,0.620011849,66.31439894,0.663143989
2014,Ago,p1,2,2.235763098,5,1.514477809,1.230641219,All,0.57091483,36.40350877,0.364035088
2014,Ago,p2,1,1.612051176,6,1.927881134,1.388481593,All,0.898382461,46.96802646,0.469680265
2014,Sep,p1,2,2.724440895,7,2.367651566,1.538717507,All,1.023244076,84.64467005,0.846446701
2014,Sep,p2,1,2.310447761,8,3.161205177,1.777977834,All,0.302289887,59.37090433,0.593709043
2014,Oct,p1,2,2.402332362,10,5.169885147,2.273738144,All,0.555876691,49.57118353,0.495711835
2014,Oct,p2,2,2.396070321,10,3.628680194,1.904909498,All,0.471105647,71.59533074,0.715953307
2014,Nov,p1,3,4.083413231,17,13.64658642,3.694128641,All,0.669127561,75.68533969,0.756853397
2014,Nov,p2,2,2.406926407,7,3.045499102,1.745135841,All,0.626791857,67,0.67
2014,Dic,p1,2,2.125237192,6,2.46337328,1.569513708,All,0.319704806,42.91845494,0.429184549
2014,Dic,p2,1,3.063829787,10,12.47026732,3.531326567,All,0.484857719,57.8125,0.578125
2015,Ene,p1,2,3.473684211,9,6.715133157,2.591357397,All,0.82774298,83.96946565,0.839694657
2015,Ene,p2,2,1.955844156,5,1.370441017,1.170658369,All,1.120487136,93.80053908,0.938005391
2015,Feb,p1,2,4.335051546,12,16.30234931,4.037616786,All,0.73942678,97.87234043,0.978723404
2015,Feb,p2,4,6.400809717,16,26.60981679,5.158470392,All,0.683412807,90,0.9
2015,Mar,p1,4,4.159279778,8,4.957951214,2.226645732,All,0.507472085,92.71523179,0.927152318
2015,Mar,p2,6,4.530612245,7,6.295918367,2.509166867,All,0.453787046,100,1
2015,Abr,p1,3,2.282555283,4,1.405187543,1.185406067,All,0.371835116,91.13300493,0.911330049
2015,Abr,p2,1,1.261111111,3,0.550015475,0.741630282,All,0.441844451,92.3943662,0.923943662
2015,May,p1,1,1.418449198,5,0.623862652,0.789849765,All,0.328494214,78.70216306,0.787021631
2015,May,p2,2,1.4606866,3,0.599062499,0.773991279,All,0.238592835,83.27444052,0.832744405
2015,Jun,p1,1,1.187772926,4,1.197042825,1.094094523,All,0.281108852,74.76038339,0.747603834
2015,Jun,p2,1,1.036535859,3,0.476983105,0.690639635,All,0.258574328,58.59872611,0.585987261
2015,Jul,p1,1,1.210137276,4,0.2718633,0.521405121,All,0.196148172,74.9068323,0.749068323
2015,Jul,p2,1,0.907692308,4,0.348288716,0.590159907,All,0.468822211,69.65517241,0.696551724
2015,Ago,p1,NA,NA,NA,NA,NA,All,0.394211934,NA,NA
2015,Ago,p2,2,1.746724891,4,2.084693174,1.443846659,All,0.220074787,80,0.8
2015,Sep,p1,NA,NA,NA,NA,NA,All,0.335156078,NA,NA
2015,Sep,p2,NA,NA,NA,NA,NA,All,0.278181579,NA,NA
2015,Oct,p1,NA,NA,NA,NA,NA,All,NA,NA,NA
2015,Oct,p2,NA,NA,NA,NA,NA,All,NA,NA,NA
2015,Nov,p1,NA,NA,NA,NA,NA,All,0.479756238,NA,NA
2015,Nov,p2,NA,NA,NA,NA,NA,All,0.429678374,NA,NA
2015,Dic,p1,NA,NA,NA,NA,NA,All,0.408063679,NA,NA
2015,Dic,p2,NA,NA,NA,NA,NA,All,0.508369473,NA,NA
2016,Ene,p1,NA,NA,NA,NA,NA,All,0.541023665,NA,NA
2016,Ene,p2,NA,NA,NA,NA,NA,All,0.491839123,NA,NA
2016,Feb,p1,NA,NA,NA,NA,NA,All,0.528734316,NA,NA
2016,Feb,p2,NA,NA,NA,NA,NA,All,0.560444293,NA,NA
2016,Mar,p1,NA,NA,NA,NA,NA,All,0.517490655,NA,NA
2016,Mar,p2,NA,NA,NA,NA,NA,All,NA,NA,NA
2016,Abr,p1,NA,NA,NA,NA,NA,All,0.334113032,NA,NA
2016,Abr,p2,NA,NA,NA,NA,NA,All,0.266468904,NA,NA
2016,May,p1,NA,NA,NA,NA,NA,All,0.27324219,NA,NA
2016,May,p2,NA,NA,NA,NA,NA,All,0.114643343,NA,NA
2016,Jun,p1,NA,NA,NA,NA,NA,All,0.178120419,NA,NA
2016,Jun,p2,NA,NA,NA,NA,NA,All,0.595255089,NA,NA
2016,Jul,p1,NA,NA,NA,NA,NA,All,0.473118689,NA,NA
2016,Jul,p2,3,2.266666667,3,1.114089347,1.055504309,All,0.284745797,74.28571429,0.742857143
2016,Ago,p1,2,3.789473684,11,11.07551487,3.327989614,All,0.147227391,74.43181818,0.744318182
2016,Ago,p2,2,2.80620155,7,3.991886947,1.997970707,All,0.226737952,57.30337079,0.573033708
2016,Sep,p1,2,3.295343137,9,6.132297305,2.476347574,All,0.218920854,74.04255319,0.740425532
2016,Sep,p2,1,1.923728814,4,1.208607722,1.099366964,All,0.300399966,57.91139241,0.579113924
2016,Oct,p1,2,2.615288221,8,2.375023192,1.541111025,All,0.233344566,66.95095949,0.669509595
2016,Oct,p2,1,1.673568819,5,0.754288346,0.868497752,All,0.266407422,71.20954003,0.7120954
2016,Nov,p1,2,2.328877005,6,2.842163664,1.685871781,All,0.209224377,58.69242199,0.58692422
2016,Nov,p2,2,2.582914573,10,5.579103572,2.36201261,All,0.233028601,69.75609756,0.697560976
2016,Dic,p1,3,3.231958763,8,4.318149125,2.07801567,All,0.295318958,79.85865724,0.798586572
2016,Dic,p2,3,3.570731707,8,6.656353987,2.579991083,All,0.402080066,54.4973545,0.544973545
2017,Ene,p1,3,3.086477987,7,4.107470411,2.02668952,All,0.738882736,88,0.88
2017,Ene,p2,4,5.148148148,9,8.417989418,2.901377159,All,0.726993201,NA,NA
2017,Feb,p1,NA,NA,NA,NA,NA,All,1.183919194,NA,NA
2006,Ago,p2,1,0.692307692,NA,NA,NA,female,0.147241662,70.9876543,0.709876543
2006,Sep,p1,0,0.715384615,4,1.042397138,1.02097852,female,NA,55.5555556,0.555555556
2006,Sep,p2,NA,NA,4,1.042397138,1.02097852,female,0.439190137,NA,NA
2006,Oct,p1,2,2.407185629,6,2.71271914,1.647033436,female,0.486124024,75.70512823,0.757051282
2006,Oct,p2,1,1.741935484,6,2.71271914,1.647033436,female,0.377639253,91.66944342,0.916694434
2006,Nov,p1,3,2.688,5,2.02283871,1.422265344,female,0.283601302,94.3019943,0.943019943
2006,Nov,p2,2,2.270833333,5,2.02283871,1.422265344,female,0.589759218,83.87507103,0.83875071
2006,Dic,p1,3,2.966165414,9,5.474322599,2.339727035,female,0.860714791,74.17504683,0.741750468
2006,Dic,p2,0,1.263736264,9,5.474322599,2.339727035,female,0.683970654,83.33333333,0.833333333
2007,Ene,p1,NA,NA,NA,NA,NA,female,NA,NA,NA
2007,Ene,p2,NA,NA,NA,NA,NA,female,NA,NA,NA
2007,Feb,p1,4,3.419354839,9,5.952793076,2.439834641,female,NA,NA,NA
2007,Feb,p2,NA,NA,9,5.952793076,2.439834641,female,NA,NA,NA
2007,Mar,p1,NA,NA,NA,NA,NA,female,NA,NA,NA
2007,Mar,p2,NA,NA,NA,NA,NA,female,NA,NA,NA
2007,Abr,p1,NA,NA,NA,NA,NA,female,NA,NA,NA
2007,Abr,p2,NA,NA,NA,NA,NA,female,NA,NA,NA
2007,May,p1,NA,NA,NA,NA,NA,female,NA,NA,NA
2007,May,p2,3,2.956386293,NA,NA,NA,female,0.529952905,90.36733247,0.903673325
2007,Jun,p1,1,1.869127517,6,3.326249068,1.82380072,female,0.353735366,78.93768769,0.789376877
2007,Jun,p2,2,2.638554217,6,3.326249068,1.82380072,female,0.303412268,90.19744483,0.901974448
2007,Jul,p1,2,2.517006803,5,2.18880738,1.479461855,female,0.363384717,84.49824823,0.844982482
2007,Jul,p2,4,3.228835979,5,2.18880738,1.479461855,female,0.463713661,78.83170091,0.788317009
2007,Ago,p1,2,2.402799378,9,3.826596513,1.956168835,female,0.415626741,80.54285714,0.805428571
2007,Ago,p2,3,2.664254703,9,3.826596513,1.956168835,female,0.265635831,86.63911845,0.866391185
2007,Sep,p1,4,3.264957265,6,3.154486722,1.776087476,female,0.206281564,NA,NA
2007,Sep,p2,2,2.418848168,6,3.154486722,1.776087476,female,0.249262022,NA,NA
2007,Oct,p1,2,2.263157895,6,1.710035959,1.307683432,female,0.342254443,95.50561798,0.95505618
2007,Oct,p2,2,2.076923077,6,1.710035959,1.307683432,female,0.367555094,78.85207223,0.788520722
2007,Nov,p1,1,2.045714286,6,3.602488743,1.898022324,female,0.56027635,68.15413277,0.681541328
2007,Nov,p2,4,3.504087193,6,3.602488743,1.898022324,female,0.454829177,90.20637898,0.90206379
2007,Dic,p1,5,5.309597523,10,6.282733688,2.506538188,female,0.416015793,NA,NA
2007,Dic,p2,NA,NA,10,6.282733688,2.506538188,female,0.489118686,NA,NA
2008,Ene,p1,3,3.658536585,9,12.2304878,3.497211433,female,NA,99.01960785,0.990196079
2008,Ene,p2,4,3.74137931,9,12.2304878,3.497211433,female,0.701898535,84.25771557,0.842577156
2008,Feb,p1,3,3.580487805,10,7.530180691,2.74411747,female,0.613766888,87.01044545,0.870104455
2008,Feb,p2,6,5.18466899,10,7.530180691,2.74411747,female,0.937982769,97.62528735,0.976252874
2008,Mar,p1,4,3.765853659,7,4.971936311,2.229783916,female,0.983970663,98.7012987,0.987012987
2008,Mar,p2,3,3.2,7,4.971936311,2.229783916,female,1.017351796,92.06174779,0.920617478
2008,Abr,p1,NA,NA,NA,NA,NA,female,0.767313525,100,1
2008,Abr,p2,3,2.676731794,NA,NA,NA,female,0.678660164,88.54528825,0.885452883
2008,May,p1,0,0.590517241,6,1.913849082,1.383419344,female,0.60562388,66.66666667,0.666666667
2008,May,p2,1,1.015151515,6,1.913849082,1.383419344,female,0.213765224,85.38171827,0.853817183
2008,Jun,p1,1,0.8,2,0.314814815,0.561083608,female,0.202134985,74.08346373,0.740834637
2008,Jun,p2,1,0.961206897,2,0.314814815,0.561083608,female,0.153241871,69.9384214,0.699384214
2008,Jul,p1,1,1.189781022,3,0.316659511,0.562725075,female,0.492340984,81.29212453,0.812921245
2008,Jul,p2,1,1.751412429,3,0.316659511,0.562725075,female,0.197456346,82.8056564,0.828056564
2008,Ago,p1,1,1.310483871,4,0.895112316,0.946103755,female,0.148368362,63.37386107,0.633738611
2008,Ago,p2,1,1.695006748,4,0.895112316,0.946103755,female,0.32831705,61.77921538,0.617792154
2008,Sep,p1,2,2.554216867,10,10.95158817,3.309318385,female,0.276047513,83.15151516,0.831515152
2008,Sep,p2,NA,NA,10,10.95158817,3.309318385,female,0.145982973,NA,NA
2008,Oct,p1,NA,NA,NA,NA,NA,female,0.548150356,97.4137931,0.974137931
2008,Oct,p2,NA,NA,NA,NA,NA,female,0.218912348,55.01045488,0.550104549
2008,Nov,p1,NA,NA,NA,NA,NA,female,0.177998989,82.80864198,0.82808642
2008,Nov,p2,NA,NA,NA,NA,NA,female,NA,88.8766789,0.888766789
2008,Dic,p1,NA,NA,NA,NA,NA,female,NA,82.21153845,0.822115385
2008,Dic,p2,NA,NA,NA,NA,NA,female,NA,NA,NA
2009,Ene,p1,NA,NA,NA,NA,NA,female,NA,NA,NA
2009,Ene,p2,NA,NA,NA,NA,NA,female,NA,NA,NA
2009,Feb,p1,NA,NA,NA,NA,NA,female,NA,NA,NA
2009,Feb,p2,NA,NA,NA,NA,NA,female,NA,NA,NA
2009,Mar,p1,NA,NA,NA,NA,NA,female,NA,NA,NA
2009,Mar,p2,NA,NA,NA,NA,NA,female,NA,NA,NA
2009,Abr,p1,NA,NA,NA,NA,NA,female,NA,NA,NA
2009,Abr,p2,NA,NA,NA,NA,NA,female,NA,NA,NA
2009,May,p1,NA,NA,NA,NA,NA,female,NA,NA,NA
2009,May,p2,NA,NA,NA,NA,NA,female,NA,NA,NA
2009,Jun,p1,NA,NA,NA,NA,NA,female,NA,NA,NA
2009,Jun,p2,NA,NA,NA,NA,NA,female,NA,NA,NA
2009,Jul,p1,NA,NA,NA,NA,NA,female,NA,NA,NA
2009,Jul,p2,NA,NA,NA,NA,NA,female,NA,NA,NA
2009,Ago,p1,NA,NA,NA,NA,NA,female,NA,NA,NA
2009,Ago,p2,NA,NA,NA,NA,NA,female,NA,NA,NA
2009,Sep,p1,NA,NA,NA,NA,NA,female,NA,NA,NA
2009,Sep,p2,NA,NA,NA,NA,NA,female,NA,NA,NA
2009,Oct,p1,NA,NA,NA,NA,NA,female,NA,NA,NA
2009,Oct,p2,NA,NA,NA,NA,NA,female,NA,NA,NA
2009,Nov,p1,NA,NA,NA,NA,NA,female,NA,NA,NA
2009,Nov,p2,NA,NA,NA,NA,NA,female,NA,NA,NA
2009,Dic,p1,NA,NA,NA,NA,NA,female,NA,NA,NA
2009,Dic,p2,NA,NA,NA,NA,NA,female,NA,NA,NA
2010,Ene,p1,NA,NA,NA,NA,NA,female,NA,NA,NA
2010,Ene,p2,NA,NA,NA,NA,NA,female,NA,89.0410959,0.890410959
2010,Feb,p1,NA,NA,NA,NA,NA,female,1.314895571,92.60021938,0.926002194
2010,Feb,p2,NA,NA,NA,NA,NA,female,0.986067731,92.98685782,0.929868578
2010,Mar,p1,NA,NA,NA,NA,NA,female,0.912015221,93.8949939,0.938949939
2010,Mar,p2,NA,NA,NA,NA,NA,female,1.00902984,87.32051282,0.873205128
2010,Abr,p1,NA,NA,NA,NA,NA,female,0.463650989,NA,NA
2010,Abr,p2,NA,NA,NA,NA,NA,female,0.911494319,NA,NA
2010,May,p1,NA,NA,NA,NA,NA,female,NA,NA,NA
2010,May,p2,NA,NA,NA,NA,NA,female,NA,NA,NA
2010,Jun,p1,NA,NA,NA,NA,NA,female,NA,NA,NA
2010,Jun,p2,NA,NA,NA,NA,NA,female,NA,NA,NA
2010,Jul,p1,NA,NA,NA,NA,NA,female,NA,NA,NA
2010,Jul,p2,1,1.386440678,NA,NA,NA,female,0.212449066,73.7496991,0.737496991
2010,Ago,p1,3,2.808362369,8,5.001608148,2.236427541,female,0.224861982,71.40840417,0.714084042
2010,Ago,p2,1,1.524193548,8,5.001608148,2.236427541,female,0.124994066,56.9083022,0.569083022
2010,Sep,p1,2,1.841423948,7,2.062434329,1.436117798,female,0.168131079,56.12287634,0.561228763
2010,Sep,p2,NA,NA,7,2.062434329,1.436117798,female,0.577144597,72.05200268,0.720520027
2010,Oct,p1,NA,NA,NA,NA,NA,female,0.261774887,92.7175325,0.927175325
2010,Oct,p2,2,2.838235294,NA,NA,NA,female,0.30617221,47.69084323,0.476908432
2010,Nov,p1,5,5.252559727,9,6.435995138,2.536926317,female,0.576551562,77.86099533,0.778609953
2010,Nov,p2,6,4.763779528,9,6.435995138,2.536926317,female,0.65865807,88.12875297,0.88128753
2010,Dic,p1,3,2.867647059,5,2.862818262,1.691986484,female,0.968302549,83.77742945,0.837774295
2010,Dic,p2,NA,NA,5,2.862818262,1.691986484,female,NA,100,1
2011,Ene,p1,5,4.470588235,8,6.889705882,2.624824924,female,0.489381536,50,0.5
2011,Ene,p2,1,1.029411765,8,6.889705882,2.624824924,female,0.410977814,NA,NA
2011,Feb,p1,3,3.75,9,8.514227642,2.917914948,female,0.677375816,66.96428573,0.669642857
2011,Feb,p2,5,5.34057971,9,8.514227642,2.917914948,female,0.821998056,87.85140562,0.878514056
2011,Mar,p1,3,4.231927711,11,8.680186001,2.946215539,female,0.54487155,97.28375528,0.972837553
2011,Mar,p2,4,4.063380282,11,8.680186001,2.946215539,female,0.759232438,77.05627705,0.770562771
2011,Abr,p1,3,2.940677966,7,4.244314066,2.06017331,female,0.852459312,99.02777778,0.990277778
2011,Abr,p2,1,1.641196013,7,4.244314066,2.06017331,female,0.367645542,81.0065847,0.810065847
2011,May,p1,1,1.238993711,4,0.876455767,0.936192163,female,0.421401042,89.91413172,0.899141317
2011,May,p2,1,1.100806452,4,0.876455767,0.936192163,female,0.314776424,72.06034183,0.720603418
2011,Jun,p1,1,1.204819277,4,0.60387893,0.777096474,female,0.667837347,96.66666667,0.966666667
2011,Jun,p2,0,0.559055118,4,0.60387893,0.777096474,female,0.584866097,37.18926553,0.371892655
2011,Jul,p1,1,1.226415094,3,0.886881874,0.94174406,female,0.12831334,86.30705395,0.86307054
2011,Jul,p2,0,0.357366771,3,0.886881874,0.94174406,female,0.090523161,54.03221513,0.540322151
2011,Ago,p1,0,0.385057471,2,0.4809315,0.693492249,female,0.154596995,36.97916665,0.369791667
2011,Ago,p2,1,1.179487179,2,0.4809315,0.693492249,female,0.28071924,51.51930417,0.515193042
2011,Sep,p1,1,1.238461538,6,2.617113894,1.617749639,female,0.379929837,72.94871795,0.72948718
2011,Sep,p2,2,2.326732673,6,2.617113894,1.617749639,female,0.43383519,68.33333334,0.683333333
2011,Oct,p1,2,2.899159664,6,5.515168779,2.348439648,female,0.526946369,84.2857143,0.842857143
2011,Oct,p2,3,2.731707317,6,5.515168779,2.348439648,female,0.845989911,NA,NA
2011,Nov,p1,2,2.410447761,6,2.303950174,1.517876864,female,0.475744789,49.12947417,0.491294742
2011,Nov,p2,4,3.859728507,6,2.303950174,1.517876864,female,0.45929834,55.83030448,0.558303045
2011,Dic,p1,5,5.571428571,10,13.82706767,3.718476525,female,0.597801968,NA,NA
2011,Dic,p2,1,2.608333333,10,13.82706767,3.718476525,female,0.404321507,NA,NA
2012,Ene,p1,6,4.494186047,8,7.514585883,2.7412745,female,0.350806771,93.55555555,0.935555556
2012,Ene,p2,5,5.885416667,8,7.514585883,2.7412745,female,0.503086618,77.38360673,0.773836067
2012,Feb,p1,5,4.952054795,10,10.9838923,3.314195574,female,0.46836978,95.9006312,0.959006312
2012,Feb,p2,5,4.333333333,10,10.9838923,3.314195574,female,0.633937112,84.23544975,0.842354498
2012,Mar,p1,5,5.528301887,10,15.67706821,3.959427764,female,0.814590179,NA,NA
2012,Mar,p2,3,3.707865169,10,15.67706821,3.959427764,female,0.538519218,96.3963964,0.963963964
2012,Abr,p1,1,2.694711538,10,7.923441844,2.814860893,female,0.592387159,94.68082135,0.946808214
2012,Abr,p2,2,2.265671642,10,7.923441844,2.814860893,female,0.354782095,85.06803958,0.850680396
2012,May,p1,1,1.5,8,3.641686183,1.908320252,female,0.177239435,68.03647902,0.68036479
2012,May,p2,2,2.223157895,8,3.641686183,1.908320252,female,0.121050051,74.6864868,0.746864868
2012,Jun,p1,1,1.028571429,4,1.059077381,1.029114853,female,0.287172612,73.7709063,0.737709063
2012,Jun,p2,NA,NA,4,1.059077381,1.029114853,female,0.297022899,NA,NA
2012,Jul,p1,NA,NA,NA,NA,NA,female,0.52951622,NA,NA
2012,Jul,p2,NA,NA,NA,NA,NA,female,0.330452742,77.5237836,0.775237836
2012,Ago,p1,NA,NA,NA,NA,NA,female,0.225997728,69.04077216,0.690407722
2012,Ago,p2,NA,NA,NA,NA,NA,female,0.075538182,50.81327393,0.508132739
2012,Sep,p1,NA,NA,NA,NA,NA,female,0.072471946,75.16802107,0.751680211
2012,Sep,p2,NA,NA,NA,NA,NA,female,0.15807999,79.97648902,0.79976489
2012,Oct,p1,NA,NA,NA,NA,NA,female,0.194387794,74.9913492,0.749913492
2012,Oct,p2,NA,NA,NA,NA,NA,female,0.251335115,NA,NA
2012,Nov,p1,NA,NA,NA,NA,NA,female,0.328633338,52.82639087,0.528263909
2012,Nov,p2,NA,NA,NA,NA,NA,female,0.778351576,59.2775041,0.592775041
2012,Dic,p1,NA,NA,NA,NA,NA,female,0.539667616,70.29188682,0.702918868
2012,Dic,p2,NA,NA,NA,NA,NA,female,0.501836653,70.7692308,0.707692308
2013,Ene,p1,NA,NA,NA,NA,NA,female,NA,NA,NA
2013,Ene,p2,1,2.309016393,NA,NA,NA,female,0.311916187,89.70302485,0.897030249
2013,Feb,p1,1,1.711286089,5,2.040056425,1.428305438,female,0.299224216,92.07528958,0.920752896
2013,Feb,p2,1,1.489216799,5,2.040056425,1.428305438,female,0.335461458,93.50210973,0.935021097
2013,Mar,p1,1,1.776859504,6,2.568070675,1.602520101,female,0.418194644,87.59354483,0.875935448
2013,Mar,p2,1,1.014948859,6,2.568070675,1.602520101,female,0.497131453,99.53051643,0.995305164
2013,Abr,p1,NA,NA,NA,NA,NA,female,0.725446398,82.22470002,0.822247
2013,Abr,p2,NA,NA,NA,NA,NA,female,0.297196299,70.83333335,0.708333334
2013,May,p1,NA,NA,NA,NA,NA,female,0.215336512,59.01913875,0.590191388
2013,May,p2,1,1.15819209,NA,NA,NA,female,0.236701968,78.6885246,0.786885246
2013,Jun,p1,1,0.945686901,5,1.186143197,1.089102014,female,0.279863783,27.5,0.275
2013,Jun,p2,2,2.093939394,5,1.186143197,1.089102014,female,0.609148176,83.7288048,0.837288048
2013,Jul,p1,2,2.098060345,8,3.717450387,1.928069082,female,0.427554458,100,1
2013,Jul,p2,1,1.03625731,8,3.717450387,1.928069082,female,0.479189238,77.0952381,0.770952381
2013,Ago,p1,1,0.891634981,2,0.359663227,0.59971929,female,0.383319557,75.2138968,0.752138968
2013,Ago,p2,0,0.309677419,2,0.359663227,0.59971929,female,0.519438308,NA,NA
2013,Sep,p1,2,1.907063197,5,0.912972313,0.955495847,female,0.387301421,57.1428571,0.571428571
2013,Sep,p2,1,0.8125,5,0.912972313,0.955495847,female,0.602823678,80,0.8
2013,Oct,p1,NA,NA,NA,NA,NA,female,NA,NA,NA
2013,Oct,p2,1,1.64868256,NA,NA,NA,female,NA,56.07078853,0.560707885
2013,Nov,p1,1,2.517073171,8,5.878680899,2.424599121,female,0.382658678,NA,NA
2013,Nov,p2,1,2.476861167,8,5.878680899,2.424599121,female,0.18802871,51.1627907,0.511627907
2013,Dic,p1,1,1.18128655,3,0.433867873,0.658686475,female,0.319307342,64.2799189,0.642799189
2013,Dic,p2,NA,NA,3,0.433867873,0.658686475,female,0.561798337,NA,NA
2014,Ene,p1,0,0.266666667,1,0.2,0.447213595,female,NA,NA,NA
2014,Ene,p2,3,2.928237129,1,0.2,0.447213595,female,0.66955167,86.19791665,0.861979167
2014,Feb,p1,4,3.157175399,7,2.862055237,1.691760987,female,0.925822831,83.84504464,0.838450446
2014,Feb,p2,1,2.940199336,7,2.862055237,1.691760987,female,0.758826122,85.26498352,0.852649835
2014,Mar,p1,2,2.005372218,5,1.255731486,1.120594256,female,0.580301608,89.17721715,0.891772172
2014,Mar,p2,1,1.589005236,5,1.255731486,1.120594256,female,0.618200893,91.87491267,0.918749127
2014,Abr,p1,2,2.484848485,4,1.945920746,1.394962632,female,0.33066821,66.6666667,0.666666667
2014,Abr,p2,1,1.995555556,4,1.945920746,1.394962632,female,NA,93.20075757,0.932007576
2014,May,p1,2,2.7171875,7,6.872943564,2.621629944,female,0.382565051,92.64705883,0.926470588
2014,May,p2,1,1.988023952,7,6.872943564,2.621629944,female,0.283301464,82.08167,0.8208167
2014,Jun,p1,1,0.796116505,2,0.571469067,0.755955731,female,0.380151506,65.63573883,0.656357388
2014,Jun,p2,2,1.544,2,0.571469067,0.755955731,female,0.344512591,73.9093296,0.739093296
2014,Jul,p1,1,1.385558583,3,0.564647914,0.751430578,female,0.631088128,62.73648523,0.627364852
2014,Jul,p2,1,1.117546848,3,0.564647914,0.751430578,female,0.620011849,66.36454834,0.663645483
2014,Ago,p1,1,0.717539863,2,0.636202835,0.797623241,female,0.57091483,38.86904762,0.388690476
2014,Ago,p2,1,1.029715229,2,0.636202835,0.797623241,female,0.898382461,44.46545802,0.44465458
2014,Sep,p1,1,1.251597444,3,1.006991851,1.003489836,female,1.023244076,80.38545007,0.803854501
2014,Sep,p2,1,1.102238806,3,1.006991851,1.003489836,female,0.302289887,48.97966958,0.489796696
2014,Oct,p1,1,1.354956268,5,1.450135884,1.204215879,female,0.555876691,42.22420157,0.422242016
2014,Oct,p2,1,1.467425026,5,1.450135884,1.204215879,female,0.471105647,69.1742739,0.691742739
2014,Nov,p1,2,2.826462128,12,6.10709179,2.471253081,female,0.669127561,73.490041,0.73490041
2014,Nov,p2,1,1.58982684,12,6.10709179,2.471253081,female,0.626791857,41.63928013,0.416392801
2014,Dic,p1,1,1.060721063,4,0.669309745,0.818113528,female,0.319704806,28.5021645,0.285021645
2014,Dic,p2,1,2.272340426,4,0.669309745,0.818113528,female,0.484857719,26.53990887,0.265399089
2015,Ene,p1,2,2.69138756,6,2.453690636,1.566426071,female,0.82774298,80.002405,0.80002405
2015,Ene,p2,1,1.493506494,6,2.453690636,1.566426071,female,1.120487136,85.2350031,0.852350031
2015,Feb,p1,1,2.798969072,8,7.217692567,2.686576365,female,0.73942678,97.76785714,0.977678571
2015,Feb,p2,3,4.439271255,8,7.217692567,2.686576365,female,0.683412807,92.43128145,0.924312815
2015,Mar,p1,2,2.929362881,5,3.538692797,1.881141355,female,0.507472085,75.82446808,0.758244681
2015,Mar,p2,3,2.081632653,5,3.538692797,1.881141355,female,0.453787046,NA,NA
2015,Abr,p1,1,1.518427518,4,1.077861561,1.038201118,female,0.371835116,89.18785553,0.891878555
2015,Abr,p2,1,1.261111111,4,1.077861561,1.038201118,female,0.441844451,95.6822107,0.956822107
2015,May,p1,1,1.295454545,2,0.261987343,0.511846992,female,0.328494214,82.75228368,0.827522837
2015,May,p2,1,0.964562569,2,0.261987343,0.511846992,female,0.238592835,81.30306143,0.813030614
2015,Jun,p1,1,0.593886463,2,0.35627825,0.596890484,female,0.281108852,65.59783637,0.655978364
2015,Jun,p2,0,0.424898512,2,0.35627825,0.596890484,female,0.258574328,58.21870383,0.582187038
2015,Jul,p1,1,1.043294615,2,0.250766301,0.500765715,female,0.196148172,66.41104157,0.664110416
2015,Jul,p2,0,0.27032967,2,0.250766301,0.500765715,female,0.468822211,7.89473685,0.078947369
2015,Ago,p1,NA,NA,NA,NA,NA,female,0.394211934,NA,NA
2015,Ago,p2,1,0.908296943,NA,NA,NA,female,0.220074787,81.14035085,0.811403509
2015,Sep,p1,NA,NA,NA,NA,NA,female,0.335156078,NA,NA
2015,Sep,p2,NA,NA,NA,NA,NA,female,0.278181579,NA,NA
2015,Oct,p1,NA,NA,NA,NA,NA,female,NA,NA,NA
2015,Oct,p2,NA,NA,NA,NA,NA,female,NA,NA,NA
2015,Nov,p1,NA,NA,NA,NA,NA,female,0.479756238,NA,NA
2015,Nov,p2,NA,NA,NA,NA,NA,female,0.429678374,NA,NA
2015,Dic,p1,NA,NA,NA,NA,NA,female,0.408063679,NA,NA
2015,Dic,p2,NA,NA,NA,NA,NA,female,0.508369473,NA,NA
2016,Ene,p1,NA,NA,NA,NA,NA,female,0.541023665,NA,NA
2016,Ene,p2,NA,NA,NA,NA,NA,female,0.491839123,NA,NA
2016,Feb,p1,NA,NA,NA,NA,NA,female,0.528734316,NA,NA
2016,Feb,p2,NA,NA,NA,NA,NA,female,0.560444293,NA,NA
2016,Mar,p1,NA,NA,NA,NA,NA,female,0.517490655,NA,NA
2016,Mar,p2,NA,NA,NA,NA,NA,female,NA,NA,NA
2016,Abr,p1,NA,NA,NA,NA,NA,female,0.334113032,NA,NA
2016,Abr,p2,NA,NA,NA,NA,NA,female,0.266468904,NA,NA
2016,May,p1,NA,NA,NA,NA,NA,female,0.27324219,NA,NA
2016,May,p2,NA,NA,NA,NA,NA,female,0.114643343,NA,NA
2016,Jun,p1,NA,NA,NA,NA,NA,female,0.178120419,NA,NA
2016,Jun,p2,NA,NA,NA,NA,NA,female,0.595255089,NA,NA
2016,Jul,p1,NA,NA,NA,NA,NA,female,0.473118689,NA,NA
2016,Jul,p2,3,2.266666667,NA,NA,NA,female,0.284745797,80.85106383,0.808510638
2016,Ago,p1,2,2.615789474,7,5.180251023,2.276016481,female,0.147227391,77.56581256,0.775658126
2016,Ago,p2,2,1.855813953,7,5.180251023,2.276016481,female,0.226737952,69.52658781,0.695265878
2016,Sep,p1,2,2.18504902,7,2.582892758,1.607138064,female,0.218920854,80.34198081,0.803419808
2016,Sep,p2,1,1.044491525,7,2.582892758,1.607138064,female,0.300399966,47.82916888,0.478291689
2016,Oct,p1,1,1.697994987,6,1.244939513,1.115768575,female,0.233344566,68.15852452,0.681585245
2016,Oct,p2,1,1.053593179,6,1.244939513,1.115768575,female,0.266407422,68.45580661,0.684558066
2016,Nov,p1,1,1.477272727,5,1.59386029,1.262481798,female,0.209224377,56.46507289,0.564650729
2016,Nov,p2,1,1.917922948,5,1.59386029,1.262481798,female,0.233028601,76.4742928,0.764742928
2016,Dic,p1,2,1.974226804,4,1.689256507,1.29971401,female,0.295318958,84.08113552,0.840811355
2016,Dic,p2,3,2.887804878,4,1.689256507,1.29971401,female,0.402080066,63.90828566,0.639082857
2017,Ene,p1,2,2.273584906,5,1.547080672,1.243816977,female,0.738882736,84.01960785,0.840196079
2017,Ene,p2,4,3.666666667,5,1.547080672,1.243816977,female,0.726993201,NA,NA
2017,Feb,p1,NA,NA,NA,NA,NA,female,1.183919194,NA,NA
2006,Ago,p2,NA,NA,NA,NA,NA,male,0.147241662,86.1111111,0.861111111
2006,Sep,p1,0,1.038461538,6,3.866726297,1.966399323,male,NA,100,1
2006,Sep,p2,0,1.038461538,6,3.866726297,1.966399323,male,0.439190137,NA,NA
2006,Oct,p1,2,1.892215569,6,2.277469158,1.509128609,male,0.486124024,64.77272728,0.647727273
2006,Oct,p2,2,1.892215569,6,2.277469158,1.509128609,male,0.377639253,100,1
2006,Nov,p1,1,1.064,6,2.076516129,1.441012189,male,0.283601302,80,0.8
2006,Nov,p2,1,1.064,6,2.076516129,1.441012189,male,0.589759218,96.13071896,0.96130719
2006,Dic,p1,2,2.086466165,5,1.973627465,1.404858521,male,0.860714791,72.6153846,0.726153846
2006,Dic,p2,2,2.086466165,5,1.973627465,1.404858521,male,0.683970654,93.66666665,0.936666667
2007,Ene,p1,NA,NA,NA,NA,NA,male,NA,NA,NA
2007,Ene,p2,NA,NA,NA,NA,NA,male,NA,NA,NA
2007,Feb,p1,1,1.564516129,4,2.085234723,1.444034184,male,NA,NA,NA
2007,Feb,p2,1,1.564516129,4,2.085234723,1.444034184,male,NA,NA,NA
2007,Mar,p1,NA,NA,NA,NA,NA,male,NA,NA,NA
2007,Mar,p2,NA,NA,NA,NA,NA,male,NA,NA,NA
2007,Abr,p1,NA,NA,NA,NA,NA,male,NA,NA,NA
2007,Abr,p2,NA,NA,NA,NA,NA,male,NA,NA,NA
2007,May,p1,NA,NA,NA,NA,NA,male,NA,NA,NA
2007,May,p2,NA,NA,NA,NA,NA,male,0.529952905,91.50943397,0.91509434
2007,Jun,p1,1,1.27852349,4,1.952466499,1.397306874,male,0.353735366,100,1
2007,Jun,p2,1,1.27852349,4,1.952466499,1.397306874,male,0.303412268,95.7746479,0.957746479
2007,Jul,p1,0,1.423469388,6,4.343366478,2.084074489,male,0.363384717,78.66666667,0.786666667
2007,Jul,p2,0,1.423469388,6,4.343366478,2.084074489,male,0.463713661,93.35055118,0.933505512
2007,Ago,p1,2,2.230171073,7,4.993667728,2.23465159,male,0.415626741,93.51064126,0.935106413
2007,Ago,p2,2,2.230171073,7,4.993667728,2.23465159,male,0.265635831,86.26981413,0.862698141
2007,Sep,p1,3,2.314102564,5,2.20305551,1.484269352,male,0.206281564,NA,NA
2007,Sep,p2,3,2.314102564,5,2.20305551,1.484269352,male,0.249262022,NA,NA
2007,Oct,p1,2,2.015479876,6,3.698517393,1.923152982,male,0.342254443,96.50843883,0.965084388
2007,Oct,p2,2,2.015479876,6,3.698517393,1.923152982,male,0.367555094,87.6693723,0.876693723
2007,Nov,p1,1,1.517142857,7,4.651567745,2.156749347,male,0.56027635,100,1
2007,Nov,p2,1,1.517142857,7,4.651567745,2.156749347,male,0.454829177,84.5238095,0.845238095
2007,Dic,p1,4,3.009287926,5,2.493702286,1.579146062,male,0.416015793,NA,NA
2007,Dic,p2,4,3.009287926,5,2.493702286,1.579146062,male,0.489118686,NA,NA
2008,Ene,p1,1,2.12195122,5,5.059756098,2.249390161,male,NA,49.15254235,0.491525424
2008,Ene,p2,1,2.12195122,5,5.059756098,2.249390161,male,0.701898535,95.38676605,0.953867661
2008,Feb,p1,1,1.514634146,5,2.934993142,1.713182168,male,0.613766888,100,1
2008,Feb,p2,1,1.514634146,5,2.934993142,1.713182168,male,0.937982769,100,1
2008,Mar,p1,1,1.665853659,5,2.985872741,1.727967807,male,0.983970663,100,1
2008,Mar,p2,1,1.665853659,5,2.985872741,1.727967807,male,1.017351796,98.2352941,0.982352941
2008,Abr,p1,NA,NA,NA,NA,NA,male,0.767313525,73.655914,0.73655914
2008,Abr,p2,NA,NA,NA,NA,NA,male,0.678660164,94.2875047,0.942875047
2008,May,p1,0,0.418103448,4,1.196727123,1.093950238,male,0.60562388,90.81632655,0.908163266
2008,May,p2,0,0.418103448,4,1.196727123,1.093950238,male,0.213765224,96.66666667,0.966666667
2008,Jun,p1,0,0.630769231,3,0.968186135,0.983964499,male,0.202134985,88.79938627,0.887993863
2008,Jun,p2,0,0.630769231,3,0.968186135,0.983964499,male,0.153241871,67.52009198,0.67520092
2008,Jul,p1,0,0.321167883,3,0.837269214,0.91502416,male,0.492340984,NA,NA
2008,Jul,p2,0,0.321167883,3,0.837269214,0.91502416,male,0.197456346,64.8148148,0.648148148
2008,Ago,p1,0,0.536290323,5,1.213252579,1.101477453,male,0.148368362,81.3953488,0.813953488
2008,Ago,p2,0,0.536290323,5,1.213252579,1.101477453,male,0.32831705,56.11900168,0.561190017
2008,Sep,p1,0,1.138554217,5,3.380686382,1.838664293,male,0.276047513,91.2037037,0.912037037
2008,Sep,p2,0,1.138554217,5,3.380686382,1.838664293,male,0.145982973,NA,NA
2008,Oct,p1,NA,NA,NA,NA,NA,male,0.548150356,80.36858975,0.803685898
2008,Oct,p2,NA,NA,NA,NA,NA,male,0.218912348,67.4937965,0.674937965
2008,Nov,p1,NA,NA,NA,NA,NA,male,0.177998989,85.12851895,0.85128519
2008,Nov,p2,NA,NA,NA,NA,NA,male,NA,98.0952381,0.980952381
2008,Dic,p1,NA,NA,NA,NA,NA,male,NA,100,1
2008,Dic,p2,NA,NA,NA,NA,NA,male,NA,NA,NA
2009,Ene,p1,NA,NA,NA,NA,NA,male,NA,NA,NA
2009,Ene,p2,NA,NA,NA,NA,NA,male,NA,NA,NA
2009,Feb,p1,NA,NA,NA,NA,NA,male,NA,NA,NA
2009,Feb,p2,NA,NA,NA,NA,NA,male,NA,NA,NA
2009,Mar,p1,NA,NA,NA,NA,NA,male,NA,NA,NA
2009,Mar,p2,NA,NA,NA,NA,NA,male,NA,NA,NA
2009,Abr,p1,NA,NA,NA,NA,NA,male,NA,NA,NA
2009,Abr,p2,NA,NA,NA,NA,NA,male,NA,NA,NA
2009,May,p1,NA,NA,NA,NA,NA,male,NA,NA,NA
2009,May,p2,NA,NA,NA,NA,NA,male,NA,NA,NA
2009,Jun,p1,NA,NA,NA,NA,NA,male,NA,NA,NA
2009,Jun,p2,NA,NA,NA,NA,NA,male,NA,NA,NA
2009,Jul,p1,NA,NA,NA,NA,NA,male,NA,NA,NA
2009,Jul,p2,NA,NA,NA,NA,NA,male,NA,NA,NA
2009,Ago,p1,NA,NA,NA,NA,NA,male,NA,NA,NA
2009,Ago,p2,NA,NA,NA,NA,NA,male,NA,NA,NA
2009,Sep,p1,NA,NA,NA,NA,NA,male,NA,NA,NA
2009,Sep,p2,NA,NA,NA,NA,NA,male,NA,NA,NA
2009,Oct,p1,NA,NA,NA,NA,NA,male,NA,NA,NA
2009,Oct,p2,NA,NA,NA,NA,NA,male,NA,NA,NA
2009,Nov,p1,NA,NA,NA,NA,NA,male,NA,NA,NA
2009,Nov,p2,NA,NA,NA,NA,NA,male,NA,NA,NA
2009,Dic,p1,NA,NA,NA,NA,NA,male,NA,NA,NA
2009,Dic,p2,NA,NA,NA,NA,NA,male,NA,NA,NA
2010,Ene,p1,NA,NA,NA,NA,NA,male,NA,NA,NA
2010,Ene,p2,NA,NA,NA,NA,NA,male,NA,100,1
2010,Feb,p1,NA,NA,NA,NA,NA,male,1.314895571,63.03041623,0.630304162
2010,Feb,p2,NA,NA,NA,NA,NA,male,0.986067731,99.41860465,0.994186047
2010,Mar,p1,NA,NA,NA,NA,NA,male,0.912015221,29.72972975,0.297297298
2010,Mar,p2,NA,NA,NA,NA,NA,male,1.00902984,89.18320776,0.891832078
2010,Abr,p1,NA,NA,NA,NA,NA,male,0.463650989,98.52941178,0.985294118
2010,Abr,p2,NA,NA,NA,NA,NA,male,0.911494319,NA,NA
2010,May,p1,NA,NA,NA,NA,NA,male,NA,NA,NA
2010,May,p2,NA,NA,NA,NA,NA,male,NA,NA,NA
2010,Jun,p1,NA,NA,NA,NA,NA,male,NA,NA,NA
2010,Jun,p2,NA,NA,NA,NA,NA,male,NA,NA,NA
2010,Jul,p1,NA,NA,NA,NA,NA,male,NA,NA,NA
2010,Jul,p2,NA,NA,NA,NA,NA,male,0.212449066,77.63397253,0.776339725
2010,Ago,p1,1,1.49825784,6,4.495626325,2.120289208,male,0.224861982,68.62483312,0.686248331
2010,Ago,p2,1,1.49825784,6,4.495626325,2.120289208,male,0.124994066,46.94149676,0.469414968
2010,Sep,p1,0,0.637540453,5,1.588975749,1.260545814,male,0.168131079,40.56296663,0.405629666
2010,Sep,p2,0,0.637540453,5,1.588975749,1.260545814,male,0.577144597,74.16176802,0.74161768
2010,Oct,p1,NA,NA,NA,NA,NA,male,0.261774887,78.92699117,0.789269912
2010,Oct,p2,NA,NA,NA,NA,NA,male,0.30617221,70.12035486,0.701203549
2010,Nov,p1,1,1.09556314,3,0.977137781,0.988502798,male,0.576551562,42.42424245,0.424242425
2010,Nov,p2,1,1.09556314,3,0.977137781,0.988502798,male,0.65865807,94.07407408,0.940740741
2010,Dic,p1,1,0.705882353,2,0.330114135,0.574555598,male,0.968302549,50,0.5
2010,Dic,p2,1,0.705882353,2,0.330114135,0.574555598,male,NA,NA,NA
2011,Ene,p1,0,0.411764706,2,0.382352941,0.618346942,male,0.489381536,100,1
2011,Ene,p2,0,0.411764706,2,0.382352941,0.618346942,male,0.410977814,57.979798,0.57979798
2011,Feb,p1,3,3.056451613,6,3.240689746,1.800191586,male,0.677375816,95.24929972,0.952492997
2011,Feb,p2,3,3.056451613,6,3.240689746,1.800191586,male,0.821998056,95.91836734,0.959183673
2011,Mar,p1,1,1.906626506,6,4.658928766,2.158455181,male,0.54487155,97.77777778,0.977777778
2011,Mar,p2,1,1.906626506,6,4.658928766,2.158455181,male,0.759232438,100,1
2011,Abr,p1,0.5,0.93220339,3,1.362885702,1.167426958,male,0.852459312,97.84946236,0.978494624
2011,Abr,p2,0.5,0.93220339,3,1.362885702,1.167426958,male,0.367645542,93.05867708,0.930586771
2011,May,p1,0,0.333333333,4,0.412197687,0.642026235,male,0.421401042,87.32203185,0.873220319
2011,May,p2,0,0.333333333,4,0.412197687,0.642026235,male,0.314776424,85.9022261,0.859022261
2011,Jun,p1,0,0.385542169,1,0.239788422,0.48968196,male,0.667837347,66.48148148,0.664814815
2011,Jun,p2,0,0.385542169,1,0.239788422,0.48968196,male,0.584866097,88.4059874,0.884059874
2011,Jul,p1,0,0.783018868,3,0.881606009,0.938938768,male,0.12831334,80.71575702,0.80715757
2011,Jul,p2,0,0.783018868,3,0.881606009,0.938938768,male,0.090523161,60.66194773,0.606619477
2011,Ago,p1,1,1.505747126,3,0.575111288,0.758360922,male,0.154596995,70.625,0.70625
2011,Ago,p2,1,1.505747126,3,0.575111288,0.758360922,male,0.28071924,72.63888887,0.726388889
2011,Sep,p1,1,1.215384615,4,1.317590936,1.14786364,male,0.379929837,51.80989843,0.518098984
2011,Sep,p2,1,1.215384615,4,1.317590936,1.14786364,male,0.43383519,83.1829574,0.831829574
2011,Oct,p1,2,2.411764706,7,5.78664008,2.405543614,male,0.526946369,67.35576923,0.673557692
2011,Oct,p2,2,2.411764706,7,5.78664008,2.405543614,male,0.845989911,83.48214285,0.834821429
2011,Nov,p1,1,1.26119403,4,1.923745932,1.386991684,male,0.475744789,87.41025642,0.874102564
2011,Nov,p2,1,1.26119403,4,1.923745932,1.386991684,male,0.45929834,67.04109376,0.670410938
2011,Dic,p1,3,3.428571429,6,3.327067669,1.824025128,male,0.597801968,100,1
2011,Dic,p2,3,3.428571429,6,3.327067669,1.824025128,male,0.404321507,89.9782135,0.899782135
2012,Ene,p1,3,3.476744186,6,2.987760098,1.728513841,male,0.350806771,96.8505921,0.968505921
2012,Ene,p2,3,3.476744186,6,2.987760098,1.728513841,male,0.503086618,97.32268285,0.973226829
2012,Feb,p1,2,2.705479452,7,5.2161077,2.283879966,male,0.46836978,68.16288335,0.681628834
2012,Feb,p2,2,2.705479452,7,5.2161077,2.283879966,male,0.633937112,93.55969478,0.935596948
2012,Mar,p1,5,3.716981132,6,4.360667634,2.088221165,male,0.814590179,66.66666667,0.666666667
2012,Mar,p2,5,3.716981132,6,4.360667634,2.088221165,male,0.538519218,95.83333333,0.958333333
2012,Abr,p1,4,3.627403846,7,7.125897822,2.669437735,male,0.592387159,94.50456077,0.945045608
2012,Abr,p2,4,3.627403846,7,7.125897822,2.669437735,male,0.354782095,100,1
2012,May,p1,3,2.848130841,7,6.194680339,2.488911477,male,0.177239435,81.17781184,0.811778118
2012,May,p2,3,2.848130841,7,6.194680339,2.488911477,male,0.121050051,81.49517272,0.814951727
2012,Jun,p1,2,1.984415584,5,3.312256494,1.819960575,male,0.287172612,81.59986392,0.815998639
2012,Jun,p2,2,1.984415584,5,3.312256494,1.819960575,male,0.297022899,NA,NA
2012,Jul,p1,NA,NA,NA,NA,NA,male,0.52951622,NA,NA
2012,Jul,p2,NA,NA,NA,NA,NA,male,0.330452742,50,0.5
2012,Ago,p1,NA,NA,NA,NA,NA,male,0.225997728,100,1
2012,Ago,p2,NA,NA,NA,NA,NA,male,0.075538182,78.06651616,0.780665162
2012,Sep,p1,NA,NA,NA,NA,NA,male,0.072471946,70,0.7
2012,Sep,p2,NA,NA,NA,NA,NA,male,0.15807999,53.84004883,0.538400488
2012,Oct,p1,NA,NA,NA,NA,NA,male,0.194387794,42.8571429,0.428571429
2012,Oct,p2,NA,NA,NA,NA,NA,male,0.251335115,NA,NA
2012,Nov,p1,NA,NA,NA,NA,NA,male,0.328633338,46.06616026,0.460661603
2012,Nov,p2,NA,NA,NA,NA,NA,male,0.778351576,78.93496367,0.789349637
2012,Dic,p1,NA,NA,NA,NA,NA,male,0.539667616,88.16772588,0.881677259
2012,Dic,p2,NA,NA,NA,NA,NA,male,0.501836653,87.5,0.875
2013,Ene,p1,NA,NA,NA,NA,NA,male,NA,NA,NA
2013,Ene,p2,NA,NA,NA,NA,NA,male,0.311916187,93.91304348,0.939130435
2013,Feb,p1,1,1.502624672,6,3.070295336,1.752225823,male,0.299224216,94.99347592,0.949934759
2013,Feb,p2,1,1.502624672,6,3.070295336,1.752225823,male,0.335461458,91.2483531,0.912483531
2013,Mar,p1,2,2.104683196,6,4.805578037,2.192162867,male,0.418194644,66.66666667,0.666666667
2013,Mar,p2,2,2.104683196,6,4.805578037,2.192162867,male,0.497131453,100,1
2013,Abr,p1,NA,NA,NA,NA,NA,male,0.725446398,100,1
2013,Abr,p2,NA,NA,NA,NA,NA,male,0.297196299,96.2962963,0.962962963
2013,May,p1,NA,NA,NA,NA,NA,male,0.215336512,100,1
2013,May,p2,NA,NA,NA,NA,NA,male,0.236701968,68.1818182,0.681818182
2013,Jun,p1,1,1.089456869,5,2.325305153,1.524895128,male,0.279863783,87.25490197,0.87254902
2013,Jun,p2,1,1.089456869,5,2.325305153,1.524895128,male,0.609148176,72.65625,0.7265625
2013,Jul,p1,2,2.182112069,5,3.607576117,1.899362029,male,0.427554458,79.2857143,0.792857143
2013,Jul,p2,2,2.182112069,5,3.607576117,1.899362029,male,0.479189238,70.15065913,0.701506591
2013,Ago,p1,0,0.724334601,4,1.525768604,1.235220063,male,0.383319557,90.3846154,0.903846154
2013,Ago,p2,0,0.724334601,4,1.525768604,1.235220063,male,0.519438308,68.92561985,0.689256199
2013,Sep,p1,1,1.576208178,7,4.148088554,2.036685679,male,0.387301421,81.8181818,0.818181818
2013,Sep,p2,1,1.576208178,7,4.148088554,2.036685679,male,0.602823678,40,0.4
2013,Oct,p1,NA,NA,NA,NA,NA,male,NA,NA,NA
2013,Oct,p2,NA,NA,NA,NA,NA,male,NA,74.12077293,0.741207729
2013,Nov,p1,2,1.446341463,5,2.149925458,1.466262411,male,0.382658678,69.4736842,0.694736842
2013,Nov,p2,2,1.446341463,5,2.149925458,1.466262411,male,0.18802871,95.703125,0.95703125
2013,Dic,p1,0,0.440545809,3,0.457884077,0.676671321,male,0.319307342,88.7254902,0.887254902
2013,Dic,p2,0,0.440545809,3,0.457884077,0.676671321,male,0.561798337,NA,NA
2014,Ene,p1,4,3.688888889,4,0.219191919,0.468179366,male,NA,100,1
2014,Ene,p2,4,3.688888889,4,0.219191919,0.468179366,male,0.66955167,66.6666667,0.666666667
2014,Feb,p1,2,2.118451025,5,3.064986049,1.750710156,male,0.925822831,80.95545975,0.809554598
2014,Feb,p2,2,2.118451025,5,3.064986049,1.750710156,male,0.758826122,64.49275363,0.644927536
2014,Mar,p1,1,0.966231773,4,1.393636097,1.180523654,male,0.580301608,92.248062,0.92248062
2014,Mar,p2,1,0.966231773,4,1.393636097,1.180523654,male,0.618200893,95.8333333,0.958333333
2014,Abr,p1,0,0.439393939,1,0.25011655,0.500116537,male,0.33066821,NA,NA
2014,Abr,p2,0,0.439393939,1,0.25011655,0.500116537,male,NA,NA,NA
2014,May,p1,3,2.4953125,7,5.49606563,2.344368919,male,0.382565051,100,1
2014,May,p2,3,2.4953125,7,5.49606563,2.344368919,male,0.283301464,NA,NA
2014,Jun,p1,0,0.672330097,4,1.262200883,1.12347714,male,0.380151506,80.0748165,0.800748165
2014,Jun,p2,0,0.672330097,4,1.262200883,1.12347714,male,0.344512591,NA,NA
2014,Jul,p1,0,0.478201635,3,0.915622409,0.956881607,male,0.631088128,100,1
2014,Jul,p2,0,0.478201635,3,0.915622409,0.956881607,male,0.620011849,33.33333333,0.333333333
2014,Ago,p1,2,1.518223235,3,0.963749633,0.981707509,male,0.57091483,53.2092907,0.532092907
2014,Ago,p2,2,1.518223235,3,0.963749633,0.981707509,male,0.898382461,36.7647059,0.367647059
2014,Sep,p1,1,1.47284345,4,1.211891828,1.100859586,male,1.023244076,38.3512545,0.383512545
2014,Sep,p2,1,1.47284345,4,1.211891828,1.100859586,male,0.302289887,34.7222222,0.347222222
2014,Oct,p1,0,1.047376093,6,2.147279762,1.465359943,male,0.555876691,54.00030077,0.540003008
2014,Oct,p2,0,1.047376093,6,2.147279762,1.465359943,male,0.471105647,NA,NA
2014,Nov,p1,1,1.256951103,5,2.17959415,1.476344862,male,0.669127561,91.66666667,0.916666667
2014,Nov,p2,1,1.256951103,5,2.17959415,1.476344862,male,0.626791857,50,0.5
2014,Dic,p1,1,1.064516129,4,1.714460935,1.309374253,male,0.319704806,54.5454545,0.545454545
2014,Dic,p2,1,1.064516129,4,1.714460935,1.309374253,male,0.484857719,NA,NA
2015,Ene,p1,0,0.782296651,3,1.249853706,1.117968562,male,0.82774298,NA,NA
2015,Ene,p2,0,0.782296651,3,1.249853706,1.117968562,male,1.120487136,99.00497513,0.990049751
2015,Feb,p1,1,1.536082474,4,2.311088241,1.520226378,male,0.73942678,100,1
2015,Feb,p2,1,1.536082474,4,2.311088241,1.520226378,male,0.683412807,100,1
2015,Mar,p1,1,1.229916898,4,1.017799993,1.00886074,male,0.507472085,100,1
2015,Mar,p2,1,1.229916898,4,1.017799993,1.00886074,male,0.453787046,100,1
2015,Abr,p1,1,0.764127764,3,0.771813461,0.878529147,male,0.371835116,100,1
2015,Abr,p2,1,0.764127764,3,0.771813461,0.878529147,male,0.441844451,96.2962963,0.962962963
2015,May,p1,0,0.122994652,4,0.45607027,0.675329749,male,0.328494214,NA,NA
2015,May,p2,0,0.122994652,4,0.45607027,0.675329749,male,0.238592835,95.99964678,0.959996468
2015,Jun,p1,0,0.593886463,2,0.593120355,0.770143075,male,0.281108852,70.7317073,0.707317073
2015,Jun,p2,0,0.593886463,2,0.593120355,0.770143075,male,0.258574328,61.1965812,0.611965812
2015,Jul,p1,0,0.166842661,2,0.166637272,0.408212288,male,0.196148172,42.4657534,0.424657534
2015,Jul,p2,0,0.166842661,2,0.166637272,0.408212288,male,0.468822211,78.8186313,0.788186313
2015,Ago,p1,NA,NA,NA,NA,NA,male,0.394211934,NA,NA
2015,Ago,p2,NA,NA,NA,NA,NA,male,0.220074787,50,0.5
2015,Sep,p1,NA,NA,NA,NA,NA,male,0.335156078,NA,NA
2015,Sep,p2,NA,NA,NA,NA,NA,male,0.278181579,NA,NA
2015,Oct,p1,NA,NA,NA,NA,NA,male,NA,NA,NA
2015,Oct,p2,NA,NA,NA,NA,NA,male,NA,NA,NA
2015,Nov,p1,NA,NA,NA,NA,NA,male,0.479756238,NA,NA
2015,Nov,p2,NA,NA,NA,NA,NA,male,0.429678374,NA,NA
2015,Dic,p1,NA,NA,NA,NA,NA,male,0.408063679,NA,NA
2015,Dic,p2,NA,NA,NA,NA,NA,male,0.508369473,NA,NA
2016,Ene,p1,NA,NA,NA,NA,NA,male,0.541023665,NA,NA
2016,Ene,p2,NA,NA,NA,NA,NA,male,0.491839123,NA,NA
2016,Feb,p1,NA,NA,NA,NA,NA,male,0.528734316,NA,NA
2016,Feb,p2,NA,NA,NA,NA,NA,male,0.560444293,NA,NA
2016,Mar,p1,NA,NA,NA,NA,NA,male,0.517490655,NA,NA
2016,Mar,p2,NA,NA,NA,NA,NA,male,NA,NA,NA
2016,Abr,p1,NA,NA,NA,NA,NA,male,0.334113032,NA,NA
2016,Abr,p2,NA,NA,NA,NA,NA,male,0.266468904,NA,NA
2016,May,p1,NA,NA,NA,NA,NA,male,0.27324219,NA,NA
2016,May,p2,NA,NA,NA,NA,NA,male,0.114643343,NA,NA
2016,Jun,p1,NA,NA,NA,NA,NA,male,0.178120419,NA,NA
2016,Jun,p2,NA,NA,NA,NA,NA,male,0.595255089,NA,NA
2016,Jul,p1,NA,NA,NA,NA,NA,male,0.473118689,NA,NA
2016,Jul,p2,NA,NA,NA,NA,NA,male,0.284745797,NA,NA
2016,Ago,p1,1,1.173684211,4,1.611427779,1.269420253,male,0.147227391,87.71929823,0.877192982
2016,Ago,p2,1,1.173684211,4,1.611427779,1.269420253,male,0.226737952,NA,NA
2016,Sep,p1,1,1.110294118,4,1.803771202,1.343045495,male,0.218920854,NA,NA
2016,Sep,p2,1,1.110294118,4,1.803771202,1.343045495,male,0.300399966,63.8297872,0.638297872
2016,Oct,p1,1,0.917293233,3,0.730917633,0.85493721,male,0.233344566,64.52928095,0.64529281
2016,Oct,p2,1,0.917293233,3,0.730917633,0.85493721,male,0.266407422,85.540135,0.85540135
2016,Nov,p1,1,0.851604278,3,0.624535575,0.790275633,male,0.209224377,90.7563025,0.907563025
2016,Nov,p2,1,0.851604278,3,0.624535575,0.790275633,male,0.233028601,NA,NA
2016,Dic,p1,1,1.257731959,4,0.946322491,0.972791083,male,0.295318958,97.3451327,0.973451327
2016,Dic,p2,1,1.257731959,4,0.946322491,0.972791083,male,0.402080066,100,1
2017,Ene,p1,0,0.812893082,3,1.364935869,1.168304699,male,0.738882736,86.3013699,0.863013699
2017,Ene,p2,0,0.812893082,3,1.364935869,1.168304699,male,0.726993201,NA,NA
2017,Feb,p1,NA,NA,NA,NA,NA,male,1.183919194,NA,NA